<?xml version="1.0" encoding="Windows-1252" ?>
<FlexEdit>
	<mui name="English" author="xuyibo@live.cn">
		<menugroup>
			<menu id="0" description="IDR_MAINFRAME">
				<item id="0" name="File">
					<item id="100" name="New" />
					<item id="101" name="Open" />
					<item id="102" name="Open Selected File" />
					<item id="103" name="Close" />
					<item id="104" name="Close Other" />
					<item id="105" name="Close All" />
					<item id="106" name="Save" />
					<item id="107" name="Save As" />
					<item id="108" name="Save All" />
					<item id="109" name="Revert" />
					<item id="110" name="Load Session" />
					<item id="111" name="Save Session" />
					<item id="21" name="Recent Files" />
					<item id="112" name="Export as HTML" />
					<item id="113" name="Export as RTF" />
					<item id="114" name="Export as PDF" />
					<item id="115" name="Export as LaTex" />
					<item id="116" name="Exit" />
				</item>
				<item id="1" name="Edit">
					<item id="200" name="Undo" />
					<item id="201" name="Redo" />
					<item id="202" name="Cut" />
					<item id="203" name="Copy" />
					<item id="204" name="Paste" />
					<item id="205" name="Delete" />
					<item id="206" name="Select All" />
					<item id="207" name="Copy as RTF" />
					<item id="208" name="Swap with Clipboard" />
					<item id="209" name="Cut Line" />
					<item id="210" name="Copy Line" />
					<item id="211" name="Duplicate Line" />
					<item id="212" name="Delete Line" />
					<item id="213" name="Move Up Line" />
					<item id="214" name="Move Down Line" />
					<item id="215" name="Split Lines" />
					<item id="216" name="Join Lines" />
					<item id="217" name="Delete Empty Line" />
					<item id="218" name="Trim Trailing Space" />
					<item id="219" name="to Lowercase" />
					<item id="220" name="to Uppercase" />
					<item id="221" name="Tabs to Spaces" />
					<item id="222" name="Spaces to Tabs" />
					<item id="223" name="Insert Template" />
					<item id="224" name="Add Template" />
					<item id="225" name="Block Comment" />
					<item id="226" name="Box Comment" />
					<item id="227" name="Stream Comment" />
					<item id="228" name="Show Calltip" />
					<item id="229" name="Auto Complete" />
					<item id="230" name="Complete Word" />
				</item>
				<item id="2" name="View">
					<item id="300" name="Menu Bar" />
					<item id="301" name="Tool Bar" />
					<item id="302" name="Status Bar" />
					<item id="303" name="Hide Caption" />
					<item id="304" name="FullScreen" />
					<item id="305" name="Syntax Highlight" />
					<item id="306" name="Word Wrap" />
					<item id="307" name="Show LineNum" />
					<item id="308" name="Show WhiteSpace" />
					<item id="309" name="Show End of Line" />
					<item id="310" name="Show Indentation" />
					<item id="311" name="Zoom In" />
					<item id="312" name="Zoom Out" />
					<item id="313" name="Default Zoom" />
					<item id="314" name="Collapse/Expand" />
					<item id="315" name="Collapse All" />
					<item id="316" name="Show Indentation" />
					<item id="21" name="Collapse Level" />
					<item id="22" name="Expand Level" />
				</item>
				<item id="3" name="Search">
					<item id="400" name="Find..." />
					<item id="401" name="Replace..." />
					<item id="402" name="Find Next" />
					<item id="403" name="Find Previous" />
					<item id="404" name="Find Next Word" />
					<item id="405" name="Find Prev Word" />
					<item id="406" name="Find in Files..." />
					<item id="407" name="Go to..." />
					<item id="408" name="Search Symbol..." />
					<item id="409" name="Search MSDN" />
					<item id="410" name="Match Brace" />
					<item id="411" name="Select to Brace" />
					<item id="412" name="Add Mark" />
					<item id="413" name="Clear All Mark" />
					<item id="414" name="Toggle Bookmark" />
					<item id="415" name="Next Bookmark" />
					<item id="416" name="Prev Bookmark" />
					<item id="417" name="Clear All Bookmarks" />
				</item>
				<item id="4" name="Document">
					<item id="500" name="Use Tabs" />
					<item id="501" name="ANSI" />
					<item id="502" name="UNICODE Big Endian" />
					<item id="503" name="UNICODE" />
					<item id="504" name="UTF-8" />
					<item id="505" name="UTF-8 NOBOM" />
					<item id="506" name="Convert to Windows Format" />
					<item id="507" name="Convert to Unix Format" />
					<item id="508" name="Convert to Mac Format" />
					<item id="509" name="Read Only" />
					<item id="510" name="Clear ReadOnly Attribute" />
				</item>
				<item id="5" name="Tool">
					<item id="680" name="Locate File" />
					<item id="681" name="Monitor Clipboard" />
					<item id="682" name="File Properties" />
					<item id="683" name="Open by Default App." />
					<item id="684" name="Open root.properties" />
					<item id="685" name="Options" />
				</item>
				<item id="6" name="Language">
					<item id="700" name="Binary" />
				</item>
				<item id="7" name="Window">
					<item id="800" name="Next Tab" />
					<item id="801" name="Prev Tab" />
					<item id="802" name="Always on Top" />
					<item id="803" name="Toggle Panel" />
					<item id="6" name="Dock Window" />
					<item id="804" name="File" />
					<item id="805" name="Template" />
					<item id="806" name="Symbol" />
					<item id="807" name="Command" />
					<item id="808" name="Find Result 1" />
					<item id="809" name="Find Result 2" />
					<item id="7" name="Window Arrange" />
					<item id="810" name="Cascade" />
					<item id="811" name="Tile Horizontal" />
					<item id="812" name="Tile Vertical" />
					<item id="813" name="Arrange Icons" />
					<item id="8" name="Window Layout" />
					<item id="814" name="Load Window Layout" />
					<item id="815" name="Save Window Layout" />
				</item>
				<item id="8" name="Help">
					<item id="820" name="Help topics" />
					<item id="821" name="Homepage" />
					<item id="822" name="Check Update" />
					<item id="823" name="Feedback and Support" />
					<item id="824" name="Donate" />
					<item id="825" name="About FlexEdit..." />
				</item>
			</menu>
			<menu id="3" name="">
				<item id="1000" name="Sort by Type" />
				<item id="1001" name="Sort by Name" />
				<item id="1002" name="Sort by Line" />
				<item id="1003" name="Collapse All" />
				<item id="1004" name="Expand All" />
				<item id="408" name="Search Symbols" />
			</menu>
			<menu id="4" name="">
				<item id="202" name="Cut" />
				<item id="203" name="Copy" />
				<item id="204" name="Paste" />
				<item id="211" name="Clone" />
				<item id="205" name="Delete" />
				<item id="102" name="Open Selected File" />
				<item id="414" name="Add Bookmark" />
				<item id="412" name="Add Mark" />
				<item id="413" name="Clear Mark" />
				<item id="231" name="Copy Current File Name" />
				<item id="232" name="Copy Current File Directory" />
				<item id="233" name="Copy Current File Full Path" />
				<item id="219" name="to Lowercase" />
				<item id="220" name="to Uppercase" />
				<item id="217" name="Delete Empty Line" />
				<item id="218" name="Trim Trailing Space" />
				<item id="221" name="Tabs to Spaces" />
				<item id="222" name="Spaces to Tabs" />
				<item id="224" name="Add Template" />
				<item id="682" name="File Properties" />
			</menu>
			<menu id="5" name="">
				<item id="60" name=".\t\tAny characters" />
				<item id="61" name=".\t\tCharacter in Range" />
				<item id="62" name=".\t\tCharacter Not in Range" />
				<item id="63" name=".\t\tBeginning of Line" />
				<item id="64" name=".\t\tEnd of Line" />
				<item id="65" name=".\t\tTagged Expresssion" />
				<item id="66" name=".\t\tNot" />
				<item id="67" name=".\t\tOr" />
				<item id="68" name=".\t\t0 or More Matches" />
				<item id="69" name=".\t\t1 or More Matches" />
				<item id="70" name=".\t\tGroup" />
			</menu>
			<menu id="6" name="">
				<item id="50" name="\\1\tTagged Expression 1" />
				<item id="51" name="\\2\tTagged Expression 2" />
				<item id="52" name="\\3\tTagged Expression 3" />
				<item id="53" name="\\4\tTagged Expression 4" />
				<item id="54" name="\\5\tTagged Expression 5" />
				<item id="55" name="\\6\tTagged Expression 6" />
				<item id="56" name="\\7\tTagged Expression 7" />
				<item id="57" name="\\8\tTagged Expression 8" />
				<item id="58" name="\\9\tTagged Expression 9" />
			</menu>
			<menu id="7" name="">
				<item id="103" name="Close" />
				<item id="104" name="Close Other" />
				<item id="105" name="Close All" />
				<item id="106" name="Save" />
				<item id="107" name="Save As" />
			</menu>
			<menu id="8" name="dummy">
				<item id="300" name="Menubar" />
				<item id="301" name="Toolbar" />
			</menu>
			<menu id="9" name="">
				<item id="1000" name="Add Template" />
				<item id="1001" name="Edit Template" />
				<item id="1002" name="Delete Template" />
				<item id="1003" name="Add Template Group" />
				<item id="1004" name="Delete Template Group" />
			</menu>
			<menu id="10" name="">
				<item id="820" name="Help topics" />
				<item id="821" name="Homepage" />
				<item id="822" name="Check Update" />
				<item id="823" name="Feedback and Support" />
				<item id="824" name="Donate" />
				<item id="825" name="About FlexEdit..." />
				<item id="116" name="Exit" />
			</menu>
			<menu id="11" name="">
			</menu>
		</menugroup>

		<dialoggroup>
			<dialog id="1" name="Go to Line">
                <item id="100" name="Enter Line Number (1 - %d):" />
			</dialog>
			<dialog id="2" name="About...">
				<item id="103" name="Check for update" />
				<item id="104" name="Chinese Homepage: &lt;a&gt;http://www.xuyibo.org&lt;/a&gt;" />
				<item id="100" name="English Homepage: &lt;a&gt;http://www.flexedit.org&lt;/a&gt;" />
				<item id="101" name="&lt;a&gt;Feedback&lt;/a&gt;" />
			</dialog>
			<dialog id="3" name="Add Template Group">
				<item id="100" name="Name:"/>
			</dialog>
			<dialog id="4" name="Find">
				<item id="100" name="Find What:"/>
				<item id="101" name=">"/>
				<item id="102" name="Match whole"/>
				<item id="103" name="Match case"/>
				<item id="104" name="Search up"/>
				<item id="105" name="Regular expression"/>
				<item id="106" name="Allow '\\\\' expressions"/>
				<item id="107" name="Output window"/>
				<item id="108" name="Window 1"/>
				<item id="109" name="Window 2"/>
				<item id="110" name="Find all in current doc"/>
				<item id="111" name="Find all in opened docs"/>
				<item id="1" name="Find"/>
				<item id="112" name="Bookmark"/>
				<item id="113" name="Mark"/>
				<item id="2" name="Close"/>
			</dialog>
			<dialog id="5" name="Replace">
				<item id="100" name="Find What:"/>
				<item id="101" name=">"/>
				<item id="102" name="Match case"/>
				<item id="103" name="Match whole"/>
				<item id="104" name="Search up"/>
				<item id="105" name="Regular expression"/>
				<item id="106" name="Allow '\\\\' expressions"/>
				<item id="120" name="Replace with:"/>
				<item id="121" name=">"/>
				<item id="122" name="Replace range"/>
				<item id="123" name="Current file"/>
				<item id="124" name="Selection"/>
				<item id="125" name="All open file"/>
				<item id="1" name="Find"/>
				<item id="126" name="Replace"/>
				<item id="127" name="Replace all"/>
				<item id="2" name="Close"/>
			</dialog>
			<dialog id="6" name="Find in File">
				<item id="100" name="Find What:"/>
				<item id="130" name="Find type:"/>
				<item id="131" name="Folder:"/>
				<item id="102" name="Match case"/>
				<item id="103" name="Match whole"/>
				<item id="132" name="..."/>
				<item id="133" name="Include subfolders"/>
				<item id="107" name="Output window"/>
				<item id="108" name="Window 1"/>
				<item id="109" name="Window 2"/>
				<item id="1" name="Find"/>
				<item id="2" name="Close"/>
			</dialog>
			<dialog id="7" name="Open">
				<item id="100" name="Encoding:"/>
			</dialog>
			<dialog id="8" name="Options">
				<item id="100" name="Apply"/>
			</dialog>
			<dialog id="9" name="Symbols">
				<item id="100" name="Symbols:"/>
			</dialog>
			<dialog id="10" name="File Property">
				<item id="1" name="Close"/>
				<item id="100" name="Copy"/>
			</dialog>
			<dialog id="11" name="General">
				<item id="100" name="Allow multiple instances"/>
				<item id="101" name="Maximise new document windows"/>
				<item id="102" name="Show full file path"/>
				<item id="103" name="Start with a new blank document"/>
				<item id="104" name="Close file dialog after find"/>
				<item id="105" name="Minimize to system tray"/>
				<item id="106" name="Use FlexEdit in Internet Explorer"/>
				<item id="107" name="Add FlexEdit to right mouse button"/>
				<item id="108" name="Display the most recent files"/>
				<item id="109" name="items, (2~16)"/>
			</dialog>
			<dialog id="12" name="Edit">
				<item id="100" name="Syntax Highlight"/>
				<item id="101" name="Word Wrap"/>
				<item id="102" name="Show Line Numbers"/>
				<item id="103" name="Show WhiteSpace"/>
				<item id="104" name="Show End Of Line"/>
				<item id="105" name="Show Indentation Guides"/>
				<item id="106" name="Tabs setting"/>
				<item id="107" name="Tab width:"/>
				<item id="108" name="Indent width"/>
				<item id="109" name="Using properties settings"/>
				<item id="110" name="Always use space"/>
				<item id="111" name="Always use Tab"/>
				<item id="112" name="Column Edge"/>
				<item id="113" name="Color:"/>
				<item id="114" name="Position:"/>
				<item id="115" name="Display as line"/>
				<item id="116" name="Dispaly as background"/>
				<item id="117" name="Highlight current line"/>
				<item id="118" name="Color"/>
				<item id="119" name="Transparent"/>
			</dialog>
			<dialog id="13" name="Favorite">
				<item id="100" name="Path:"/>
			</dialog>
			<dialog id="14" name="Tool">
				<item id="100" name="Name:"/>
				<item id="101" name="Initial Directory:"/>
				<item id="102" name="Command:"/>
				<item id="103" name="Wait command terminate"/>
				<item id="104" name="Execute in command window"/>
				<item id="105" name="Auto expand command window"/>
				<item id="106" name="Only execute if exist open files"/>
				<item id="107" name="Before execute, prompt save if modified"/>
				<item id="108" name="After execute, reload if modified"/>
				<item id="109" name="Run as batch file"/>
				<item id="110" name="file subfix(*.h;*.c):"/>
			</dialog>
			<dialog id="15" name="Key">
				<item id="100" name="Current keys:"/>
				<item id="101" name="Press new shortcut"/>
			</dialog>
			<dialog id="16" name="Macro">
				<item id="100" name="User:"/>
				<item id="101" name="Company:"/>
				<item id="102" name="Email:"/>
			</dialog>
			<dialog id="17" name="Font">
				<item id="100" name="Font"/>
				<item id="101" name="Background:"/>
				<item id="102" name="Item:"/>
				<item id="103" name="Size:"/>
				<item id="104" name="Foreground:"/>
				<item id="105" name="Style"/>
				<item id="106" name="Value:"/>
				<item id="107" name="Bold"/>
				<item id="108" name="Italic"/>
				<item id="109" name="Underline"/>
			</dialog>
			<dialog id="18" name="Color">
				<item id="100" name="Background:"/>
				<item id="101" name="Background:"/>
				<item id="102" name="Background:"/>
				<item id="103" name="Background:"/>
				<item id="104" name="Foreground:"/>
				<item id="105" name="Foreground:"/>
				<item id="106" name="Foreground:"/>
				<item id="107" name="Foreground:"/>
				<item id="108" name="Template"/>
				<item id="109" name="Symbol"/>
				<item id="110" name="Find Result 1"/>
				<item id="111" name="Find Result 2"/>
			
			</dialog>
			<dialog id="19" name="Update">
				<item id="100" name="Auto Update"/>
				<item id="101" name="Every"/>
				<item id="102" name="days"/>
				<item id="103" name="Check Now"/>
			</dialog>
			<dialog id="20" name="Document">
				<item id="100" name="Show tabs at the bottom of the main window"/>
				<item id="101" name="Doucle click tab close file"/>
				<item id="102" name="Don't allow drag tab, need restart FlexEdit"/>
				<item id="103" name="Remember last open files"/>
				<item id="104" name="Save file to file panel path"/>
				<item id="105" name="New file when double click tab space"/>
				<item id="106" name="Show Minmize/Maxmize/Close button in caption"/>
				<item id="107" name="Default Lanuage:"/>
				<item id="108" name="Default Encoding:"/>
				<item id="109" name="Double click MDI client action"/>
				<item id="110" name="Popup open file dialog"/>
				<item id="111" name="New blank document"/>
				<item id="112" name="Ignore"/>
			</dialog>
			<dialog id="21" name="MUI">
				<item id="100" name="Path:"/>
			</dialog>
			<dialog id="22" name="Edit Template">
				<item id="100" name="Separator"/>
				<item id="101" name="Name:"/>
			</dialog>
		</dialoggroup>

		<stringgroup>
			<item id="1" name="FlexEdit"/>
			<item id="2" name="Document"/>
			
			<item id="1000" name="File"/>
			<item id="1001" name="Find Result 1"/>
			<item id="1002" name="Find Result 2"/>
			<item id="1003" name="Symbol"/>
			<item id="1004" name="Command"/>
			<item id="1005" name="Template"/>
			
			<item id="1007" name="Abort search"/>
			<item id="1008" name="Clear search result"/>
			<item id="1009" name="Current searhing file"/>
			
			<item id="1010" name="Save"/>
			<item id="1011" name="Do you want to save changes to these modified items?"/>
			<item id="1012" name="Yes"/>
			<item id="1013" name="No"/>
			<item id="1014" name="Cancel"/>
			<item id="1015" name="Name"/>
			<item id="1016" name="Description"/>
			<item id="1017" name="Last Modified"/>

			<item id="1020" name="Back"/>
			<item id="1021" name="Forward"/>
			<item id="1022" name="Up"/>
			<item id="1023" name="Delete current selected files/folders"/>
			<item id="1024" name="New folder"/>
			<item id="1025" name="Change view type"/>
			<item id="1026" name="Folder favorites"/>
			<item id="1027" name="Add current folder to favorites"/>
			
			<item id="1030" name="Show Menubar"/>
			<item id="1031" name="Show Toolbar"/>
			
			<item id="1033" name="All Files (*.*)|*.*|"/>
			<item id="1034" name="Open file failure.\n%s\n\n%s"/>
			<item id="1035" name="File '%s' is read-only.\n\nPress [Yes] to Save as, press [No] to clear file read-only attributes."/>
			<item id="1036" name="Save file failure.\n%s\n\n%s"/>
			<item id="1037" name="Cannot save file %s\n\n Save as other file name?"/>

			<item id="1038" name="Name"/>
			<item id="1039" name="Class"/>
			<item id="1040" name="Line"/>
            
			<item id="1043" name="mailto:xuyibo@live.cn?subject=FlexEdit Feedback"/>
			<item id="1044" name="File"/>
			<item id="1045" name="File '%s' doesn't exist."/>
			<item id="1046" name="Are you sure to delete template group: '%s'?"/>
			<item id="1047" name="New"/>
			<item id="1048" name="%d occurrences have been replaced."/>
			<item id="1049" name="Select directory and press OK"/>
			<item id="1050" name="Save changes to: %s?"/>
			<item id="1051" name="http://www.flexedit.org"/>
			<item id="1052" name="Change Font/Color..."/>
			<item id="1053" name="Organize Favorites.."/>
			<item id="1054" name="file '%s' had chagned, save and execute command: '%s'?"/>
			<item id="1055" name="'%s' already exist in favorites."/>
			<item id="1056" name="Cannot add current path to favorites."/>
			<item id="1057" name="The shortcut already used by:' %s', please input other."/>
			<item id="1058" name="Maximum support %d shortcut items."/>
			<item id="1059" name="Are you sure to delete template: %s?"/>
			<item id="1060" name="Add Template"/>
			<item id="1061" name="Template name cannot be empty."/>
			<item id="1062" name="Passed the end of file."/>
			<item id="1063" name="Cannot find string '%s'."/>
			<item id="1064" name="Find '%s' completed: %d occurrences in %d files, %0.3f second consumed."/>
			<item id="1065" name="Cannot find path: '%s'."/>
			<item id="1066" name="%s\n\nThe file has been modified outside of this application. Do you want to reload it?"/>
			<item id="1067" name="Need restart flexedit"/>

			<item id="100" name="\nNew"/>
			<item id="101" name="\nOpen"/>
			<item id="106" name="\nSave"/>
			<item id="108" name="\nSave As"/>
			<item id="117" name="\nPrint"/>
			<item id="200" name="\nUndo"/>
			<item id="201" name="\nRedo"/>
			<item id="202" name="\nCut"/>
			<item id="203" name="\nCopy"/>
			<item id="204" name="\nPaste"/>
			<item id="205" name="\nDelete"/>
			<item id="400" name="\nFind"/>
			<item id="401" name="\nReplace"/>
			<item id="406" name="\nSearch in Files"/>
			<item id="338" name="\nSet Font"/>
			<item id="311" name="\nZoom in"/>
			<item id="312" name="\nZoom out"/>
			<item id="306" name="\nWord Wrap"/>
			<item id="309" name="\nShow End of Line"/>
			<item id="804" name="\nFile"/>
			<item id="805" name="\nTemplate"/>
			<item id="806" name="\nSymbol"/>
			<item id="807" name="\nCommand"/>
			<item id="808" name="\nFind Result 1"/>
			<item id="809" name="\nFind Result 2"/>
			<item id="685" name="\nOptions"/>
			<item id="304" name="\nFullscreen"/>
			<item id="820" name="List help topics\nHelp"/>
		</stringgroup>
	</mui>
</FlexEdit>